AMD;Công ty Cổ phần Đầu tư và Khoáng sản FLC Stone;Hàng hóa chủ chốt;0
BCE;Công ty Cổ phần Xây dựng và Giao thông Bình Dương;Hàng hóa chủ chốt;0
BCG;Công ty Cổ phần Bamboo Capital;Hàng hóa chủ chốt;0
BMP;Công ty Cổ phần Nhựa Bình Minh;Hàng hóa chủ chốt;0
BRC;Công ty Cổ phần Cao su Bến Thành;Hàng hóa chủ chốt;0
BTT;Công ty Cổ phần Thương mại – Dịch vụ Bến Thành;Hàng hóa chủ chốt;0
C32;Công ty Cổ phần CIC39;Hàng hóa chủ chốt;0
C47;Công ty Cổ phần Xây dựng 47;Hàng hóa chủ chốt;0
CAV;Công ty Cổ phần Dây cáp điện Việt Nam;Hàng hóa chủ chốt;0
CCI;Công ty Cổ phần Đầu tư Phát triển Công nghiệp Thương mại Củ Chi;Hàng hóa chủ chốt;0
CDC;Công ty Cổ phần Chương Dương;Hàng hóa chủ chốt;0
CEE;Công ty Cổ phần Xây dựng Hạ tầng CII;Hàng hóa chủ chốt;0
CTD;Công ty Cổ phần Xây dựng COTECCONS;Hàng hóa chủ chốt;0
DAG;Công ty Cổ phần Tập đoàn Nhựa Đông Á;Hàng hóa chủ chốt;0
DIG;Tổng Công ty Cổ phần Đầu tư Phát triển Xây dựng;Hàng hóa chủ chốt;0
DLG;Công ty Cổ phần Tập đoàn Đức Long Gia Lai;Hàng hóa chủ chốt;0
DPG;Công ty Cổ phần Đạt Phương;Hàng hóa chủ chốt;0
DQC;Công ty Cổ phần Bóng đèn Điện Quang;Hàng hóa chủ chốt;0
EMC;Công ty Cổ phần Cơ điện Thủ Đức;Hàng hóa chủ chốt;0
EVG;Công ty Cổ phần Tập đoàn Everland;Hàng hóa chủ chốt;0
FCN;Công ty Cổ phần FECON;Hàng hóa chủ chốt;0
GEX;Tổng Công ty Cổ phần Thiết bị điện Việt Nam;Hàng hóa chủ chốt;0
HAS;Công ty Cổ phần HACISCO;Hàng hóa chủ chốt;0
HBC;Công ty Cổ phần Tập đoàn Xây dựng Hòa Bình;Hàng hóa chủ chốt;0
HCD;Công ty Cổ phần Đầu tư Sản xuất và Thương mại HCD;Hàng hóa chủ chốt;0
HDG;Công ty Cổ phần Tập đoàn Hà Đô;Hàng hóa chủ chốt;0
HHS;Công ty Cổ phần Đầu tư Dịch vụ Hoàng Huy;Hàng hóa chủ chốt;0
HID;Công ty Cổ phần Halcom Việt Nam;Hàng hóa chủ chốt;0
HTI;Công ty Cổ phần Đầu tư Phát triển Hạ tầng IDICO;Hàng hóa chủ chốt;0
HU1;Công ty Cổ phần Đầu tư và Xây dựng HUD1;Hàng hóa chủ chốt;0
HU3;Công ty Cổ phần Đầu tư và Xây dựng HUD3;Hàng hóa chủ chốt;0
HUB;Công ty Cổ phần Xây lắp Thừa Thiên Huế;Hàng hóa chủ chốt;0
HVH;Công ty Cổ phần Đầu tư và Công nghệ HVC;Hàng hóa chủ chốt;0
IJC;Công ty Cổ phần Phát triển Hạ tầng Kỹ thuật;Hàng hóa chủ chốt;0
ITA;Công ty Cổ phần Đầu tư và Công nghiệp Tân Tạo;Hàng hóa chủ chốt;0
L10;Công ty Cổ phần Lilama 10;Hàng hóa chủ chốt;0
LCG;Công ty Cổ phần LICOGI 16;Hàng hóa chủ chốt;0
LGL;Công ty Cổ phần Đầu tư và Phát triển Đô thị Long Giang;Hàng hóa chủ chốt;0
LM8;Công ty Cổ phần Lilama 18;Hàng hóa chủ chốt;0
MCG;Công ty Cổ phần Cơ điện và Xây dựng Việt Nam;Hàng hóa chủ chốt;0
MDG;Công ty Cổ phần Miền Đông;Hàng hóa chủ chốt;0
PC1;Công ty Cổ phần Xây lắp Điện I;Hàng hóa chủ chốt;0
PET;Tổng Công ty Cổ phần Dịch vụ Tổng hợp Dầu khí;Hàng hóa chủ chốt;0
PIT;Công ty Cổ phần Xuất nhập khẩu Petrolimex;Hàng hóa chủ chốt;0
PNC;Công ty Cổ phần Văn hóa Phương Nam;Hàng hóa chủ chốt;0
PTC;Công ty Cổ phần Đầu tư và Xây dựng Bưu điện;Hàng hóa chủ chốt;0
PXI;Công ty Cổ phần Xây dựng Công nghiệp và Dân dụng Dầu khí;Hàng hóa chủ chốt;0
PHC;Công ty Cổ phần Xây dựng Phục Hưng Holdings;Hàng hóa chủ chốt;0
RAL;Công ty Cổ phần Bóng đèn Phích nước Rạng Đông;Hàng hóa chủ chốt;0
REE;Công ty Cổ phần Cơ Điện Lạnh;Hàng hóa chủ chốt;1
ROS;Công ty Cổ phần Xây dựng FLC FAROS;Hàng hóa chủ chốt;1
SAM;Công ty Cổ phần SAM Holdings;Hàng hóa chủ chốt;0
SC5;Công ty Cổ phần Xây dựng Số 5;Hàng hóa chủ chốt;0
SHA;Công ty Cổ phần Sơn Hà Sài Gòn;Hàng hóa chủ chốt;0
SHI;Công ty Cổ phần Quốc tế Sơn Hà;Hàng hóa chủ chốt;0
SMA;Công ty Cổ phần Thiết bị Phụ tùng Sài Gòn;Hàng hóa chủ chốt;0
SRF;Công ty Cổ phần Kỹ Nghệ Lạnh;Hàng hóa chủ chốt;0
SZC;Công ty Cổ phần Sonadezi Châu Đức;Hàng hóa chủ chốt;0
TCD;Công ty Cổ phần Đầu tư Phát triển Công nghiệp và Vận tải;Hàng hóa chủ chốt;0
TCR;Công ty Cổ phần Công nghiệp Gốm sứ TAICERA;Hàng hóa chủ chốt;0
TCH;Công ty Cổ phần Đầu tư Dịch vụ Tài chính Hoàng Huy;Hàng hóa chủ chốt;1
TGG;Công ty Cổ phần Xây dựng và Đầu tư Trường Giang;Hàng hóa chủ chốt;0
TIP;Công ty Cổ phần Phát triển Khu Công nghiệp Tín Nghĩa;Hàng hóa chủ chốt;0
TNA;Công ty Cổ phần Thương mại Xuất nhập khẩu Thiên Nam;Hàng hóa chủ chốt;0
TSC;Công ty Cổ phần Vật tư Kỹ thuật Nông nghiệp Cần Thơ;Hàng hóa chủ chốt;0
TV2;Công ty Cổ phần Tư vấn Xây dựng Điện 2;Hàng hóa chủ chốt;0
TYA;Công ty Cổ phần Dây và Cáp điện Taya Việt Nam;Hàng hóa chủ chốt;0
THI;Công ty Cổ phần Thiết Bị Điện;Hàng hóa chủ chốt;0
UDC;Công ty Cổ phần Xây dựng và Phát triển Đô thị tỉnh Bà Rịa - Vũng Tàu;Hàng hóa chủ chốt;0
VGC;Tổng Công ty Viglacera - CTCP;Hàng hóa chủ chốt;0
VNE;Tổng Công ty Cổ phần Xây dựng Điện Việt Nam;Hàng hóa chủ chốt;0
VPG;Công ty Cổ phần Đầu tư Thương mại Xuất nhập khẩu Việt Phát;Hàng hóa chủ chốt;0
VRC;Công ty Cổ phần Bất động sản và Đầu tư VRC;Hàng hóa chủ chốt;0
VSI;Công ty Cổ phần Đầu tư và Xây dựng Cấp thoát nước;Hàng hóa chủ chốt;0
APC;Công ty Cổ phần Chiếu xạ An Phú;Các dịch vụ chuyên biệt và thương mại;0
ILB;Công ty Cổ phần ICD Tân Cảng - Long Bình;Các dịch vụ chuyên biệt và thương mại;0
ITD;Công ty Cổ phần Công nghệ Tiên Phong;Các dịch vụ chuyên biệt và thương mại;0
ST8;Công ty Cổ phần Siêu Thanh;Các dịch vụ chuyên biệt và thương mại;0
TLG;Công ty Cổ phần Tập đoàn Thiên Long;Các dịch vụ chuyên biệt và thương mại;0
SGT;Công ty Cổ phần Công nghệ Viễn thông Sài Gòn;Dịch vụ viễn thông;0
YEG;Công ty Cổ phần Tập đoàn Yeah1;Dịch vụ viễn thông;0
ADS;Công ty Cổ phần Damsan;Hàng tiêu dùng;0
AST;Công ty Cổ phần Dịch vụ Hàng không Taseco;Hàng tiêu dùng;0
CMV;Công ty Cổ phần Thương nghiệp Cà Mau;Hàng tiêu dùng;0
COM;Công ty Cổ phần Vật tư - Xăng dầu;Hàng tiêu dùng;0
CSM;Công ty Cổ phần Công nghiệp Cao su Miền Nam;Hàng tiêu dùng;0
CTF;Công ty Cổ phần City Auto;Hàng tiêu dùng;0
DAH;Công ty Cổ phần Tập đoàn Khách sạn Đông Á;Hàng tiêu dùng;0
DRC;Công ty Cổ phần Cao su Đà Nẵng;Hàng tiêu dùng;0
DSN;Công ty Cổ phần Công viên nước Đầm Sen;Hàng tiêu dùng;0
EVE;Công ty Cổ phần Everpia;Hàng tiêu dùng;0
FRT;Công ty Cổ phần Bán lẻ Kỹ thuật số FPT;Hàng tiêu dùng;0
FTM;Công ty Cổ phần Đầu tư và Phát triển Đức Quân;Hàng tiêu dùng;0
GDT;Công ty Cổ phần Chế biến Gỗ Đức Thành;Hàng tiêu dùng;0
GMC;Công ty Cổ phần Garmex Sài Gòn;Hàng tiêu dùng;0
GIL;Công ty Cổ phần Sản xuất Kinh doanh Xuất nhập khẩu Bình Thạnh;Hàng tiêu dùng;0
HAX;Công ty Cổ phần Dịch vụ Ô tô Hàng Xanh;Hàng tiêu dùng;0
HOT;Công ty Cổ phần Du lịch Dịch vụ Hội An;Hàng tiêu dùng;0
HTL;Công ty Cổ phần Kỹ thuật và Ô tô Trường Long;Hàng tiêu dùng;0
IBC;Công ty Cổ phần Đầu tư Apax Holdings;Hàng tiêu dùng;0
KMR;Công ty Cổ phần MIRAE;Hàng tiêu dùng;0
MSH;Công ty Cổ phần May Sông Hồng;Hàng tiêu dùng;0
MWG;Công ty Cổ phần Đầu tư Thế Giới Di Động;Hàng tiêu dùng;1
PAC;Công ty Cổ phần Pin Ắc quy miền Nam;Hàng tiêu dùng;0
PNJ;Công ty Cổ phần Vàng bạc Đá quý Phú Nhuận;Hàng tiêu dùng;1
RIC;Công ty Cổ phần Quốc tế Hoàng Gia;Hàng tiêu dùng;0
SAV;Công ty Cổ phần Hợp tác Kinh tế và Xuất nhập khẩu Savimex;Hàng tiêu dùng;0
SBV;Công ty Cổ phần Siam Brothers Việt Nam;Hàng tiêu dùng;0
SFC;Công ty Cổ phần Nhiên liệu Sài Gòn;Hàng tiêu dùng;0
SRC;Công ty Cổ phần Cao su Sao Vàng;Hàng tiêu dùng;0
STK;Công ty Cổ phần Sợi Thế Kỷ;Hàng tiêu dùng;0
SVC;Công ty Cổ phần Dịch vụ Tổng hợp Sài Gòn;Hàng tiêu dùng;0
SVT;Công ty Cổ phần Công nghệ Sài Gòn Viễn Đông;Hàng tiêu dùng;0
TCM;Công ty Cổ phần Dệt may - Đầu tư - Thương mại Thành Công;Hàng tiêu dùng;0
TCT;Công ty Cổ phần Cáp treo Núi Bà Tây Ninh;Hàng tiêu dùng;0
TMT;Công ty Cổ phần Ô tô TMT;Hàng tiêu dùng;0
TNC;Công ty Cổ phần Cao su Thống Nhất;Hàng tiêu dùng;0
TTF;Công ty Cổ phần Tập đoàn Kỹ nghệ Gỗ Trường Thành;Hàng tiêu dùng;0
TVT;Tổng Công ty Việt Thắng - CTCP;Hàng tiêu dùng;0
VNG;Công ty Cổ phần Du lịch Thành Thành Công;Hàng tiêu dùng;0
VTB;Công ty Cổ phần Viettronics Tân Bình;Hàng tiêu dùng;0
AAM;Công ty Cổ phần Thủy sản Mekong;Hàng tiêu dùng thiết yếu;0
ABT;Công ty Cổ phần Xuất nhập khẩu Thủy sản Bến Tre;Hàng tiêu dùng thiết yếu;0
ACL;Công ty Cổ phần Xuất Nhập Khẩu Thủy sản Cửu Long An Giang;Hàng tiêu dùng thiết yếu;0
AGM;Công ty Cổ phần Xuất Nhập Khẩu An Giang;Hàng tiêu dùng thiết yếu;0
ANV;Công ty Cổ phần Nam Việt;Hàng tiêu dùng thiết yếu;0
BBC;Công ty Cổ phần BIBICA;Hàng tiêu dùng thiết yếu;0
BHN;Tổng Công ty Cổ phần Bia – Rượu – Nước giải khát Hà Nội;Hàng tiêu dùng thiết yếu;0
CKG;Công ty Cổ phần Tập đoàn Tư vấn Đầu tư Xây dựng Kiên Giang;Hàng tiêu dùng thiết yếu;0
CMX;Công ty Cổ phần Camimex Group;Hàng tiêu dùng thiết yếu;0
DAT;Công ty Cổ phần Đầu tư Du lịch và Phát triển Thủy sản;Hàng tiêu dùng thiết yếu;0
DBC;Công ty Cổ phần Tập đoàn DABACO Việt Nam;Hàng tiêu dùng thiết yếu;0
DGC;Công ty Cổ phần Tập đoàn Hóa chất Đức Giang;Hàng tiêu dùng thiết yếu;0
FMC;Công ty Cổ phần Thực phẩm Sao Ta;Hàng tiêu dùng thiết yếu;0
GTN;Công ty Cổ phần GTNFOODS;Hàng tiêu dùng thiết yếu;0
HAG;Công ty Cổ phần Hoàng Anh Gia Lai;Hàng tiêu dùng thiết yếu;0
HNG;Công ty Cổ phần Nông nghiệp Quốc tế Hoàng Anh Gia Lai;Hàng tiêu dùng thiết yếu;0
IDI;Công ty Cổ phần Đầu tư và Phát triển Đa Quốc Gia I.D.I;Hàng tiêu dùng thiết yếu;0
KDC;Công ty Cổ phần Tập đoàn Kido;Hàng tiêu dùng thiết yếu;0
LAF;Công ty Cổ phần Chế biến Hàng xuất khẩu Long An;Hàng tiêu dùng thiết yếu;0
LIX;Công ty Cổ phần Bột giặt LIX;Hàng tiêu dùng thiết yếu;0
LSS;Công ty Cổ phần Mía đường Lam Sơn;Hàng tiêu dùng thiết yếu;0
MSN;Công ty Cổ phần Tập đoàn MaSan;Hàng tiêu dùng thiết yếu;1
NAF;Công ty Cổ phần Nafoods Group;Hàng tiêu dùng thiết yếu;0
NSC;Công ty Cổ phần Tập đoàn Giống cây trồng Việt Nam;Hàng tiêu dùng thiết yếu;0
PAN;Công ty Cổ phần Tập đoàn PAN;Hàng tiêu dùng thiết yếu;0
SAB;Tổng Công ty Cổ phần Bia – Rượu – Nước giải khát Sài Gòn;Hàng tiêu dùng thiết yếu;1
SBT;Công ty Cổ phần Thành Thành Công - Biên Hòa;Hàng tiêu dùng thiết yếu;1
SCD;Công ty Cổ phần Nước giải khát Chương Dương;Hàng tiêu dùng thiết yếu;0
SJF;Công ty Cổ phần Đầu tư Sao Thái Dương;Hàng tiêu dùng thiết yếu;0
SMB;Công ty Cổ phần Bia Sài Gòn - Miền Trung;Hàng tiêu dùng thiết yếu;0
SSC;Công ty Cổ phần Giống Cây trồng Miền Nam;Hàng tiêu dùng thiết yếu;0
TAC;Công ty Cổ phần Dầu thực vật Tường An;Hàng tiêu dùng thiết yếu;0
TS4;Công ty Cổ phần Thủy sản số 4;Hàng tiêu dùng thiết yếu;0
VCF;Công ty Cổ phần VINACAFÉ Biên Hòa;Hàng tiêu dùng thiết yếu;0
VHC;Công ty Cổ phần Vĩnh Hoàn;Hàng tiêu dùng thiết yếu;0
VNM;Công ty Cổ phần Sữa Việt Nam;Hàng tiêu dùng thiết yếu;1
ASP;Công ty Cổ phần Tập đoàn Dầu khí An Pha;Năng lượng;0
CNG;Công ty Cổ phần CNG Việt Nam;Năng lượng;0
GSP;Công ty Cổ phần Vận tải Sản phẩm Khí Quốc tế;Năng lượng;0
PGC;Tổng Công ty Gas Petrolimex - Công ty Cổ phần;Năng lượng;0
PJT;Công ty Cổ phần Vận tải Xăng dầu Đường thủy Petrolimex;Năng lượng;0
PLX;Tập đoàn Xăng dầu Việt Nam;Năng lượng;1
PVD;Tổng Công ty Cổ phần Khoan và Dịch vụ Khoan Dầu khí;Năng lượng;0
PVT;Tổng Công ty Cổ phần Vận tải Dầu khí;Năng lượng;0
PXS;Công ty Cổ phần Kết cấu Kim loại và Lắp máy Dầu khí;Năng lượng;0
PXT;Công ty Cổ phần Xây lắp Đường ống Bể chứa Dầu khí;Năng lượng;0
AGR;Công ty Cổ phần Chứng khoán Agribank;Tài chính;0
APG;Công ty Cổ phần Chứng khoán APG;Tài chính;0
BIC;Tổng Công ty Bảo hiểm Ngân hàng Đầu tư và Phát triển Việt Nam;Tài chính;0
BID;Ngân hàng Thương mại Cổ phần Đầu tư và Phát triển Việt Nam;Tài chính;1
BMI;Tổng Công ty Cổ phần Bảo Minh;Tài chính;0
BSI;Công ty Cổ phần Chứng khoán Ngân hàng Đầu tư và Phát triển Việt Nam;Tài chính;0
BVH;Tập đoàn Bảo Việt;Tài chính;0
CTG;Ngân hàng Thương mại Cổ phần Công Thương Việt Nam;Tài chính;1
CTS;Công ty Cổ phần Chứng khoán Ngân hàng Công Thương Việt Nam;Tài chính;0
EIB;Ngân hàng Thương mại Cổ phần Xuất Nhập khẩu Việt Nam;Tài chính;1
FIT;Công ty Cổ phần Tập đoàn F.I.T;Tài chính;0
FTS;Công ty Cổ phần Chứng khoán FPT;Tài chính;0
HCM;Công ty Cổ phần Chứng khoán Thành phố Hồ Chí Minh;Tài chính;0
HDB;Ngân hàng TMCP Phát triển TP.Hồ Chí Minh;Tài chính;1
MBB;Ngân hàng Thương mại Cổ phần Quân Đội;Tài chính;1
OGC;Công ty Cổ phần Tập đoàn Đại Dương;Tài chính;0
PGI;Tổng Công ty Cổ phần Bảo hiểm Petrolimex;Tài chính;0
SSI;Công ty Cổ phần Chứng khoán SSI;Tài chính;1
STB;Ngân hàng Thương mại Cổ phần Sài Gòn Thương Tín;Tài chính;1
TCB;Ngân hàng TMCP Kỹ Thương Việt Nam;Tài chính;1
TPB;Ngân hàng Thương mại Cổ phần Tiên Phong;Tài chính;0
TVB;Công ty Cổ phần Chứng khoán Trí Việt;Tài chính;0
TVS;Công ty Cổ phần Chứng khoán Thiên Việt;Tài chính;0
VCB;Ngân hàng TMCP Ngoại Thương Việt Nam;Tài chính;1
VCI;Công ty Cổ phần Chứng khoán Bản Việt;Tài chính;0
VDS;Công ty Cổ phần Chứng khoán Rồng Việt;Tài chính;0
VND;Công ty Cổ phần Chứng khoán VNDIRECT;Tài chính;0
VPB;Ngân hàng TMCP Việt Nam Thịnh Vượng;Tài chính;1
DBD;Công ty Cổ phần Dược - Trang thiết bị Y tế Bình Định;Chăm sóc sức khỏe;0
DBT;Công ty Cổ phần Dược phẩm Bến Tre;Chăm sóc sức khỏe;0
DHG;Công ty Cổ phần Dược Hậu Giang;Chăm sóc sức khỏe;0
DMC;Công ty Cổ phần Xuất nhập khẩu Y tế DOMESCO;Chăm sóc sức khỏe;0
IMP;Công ty Cổ phần Dược phẩm Imexpharm;Chăm sóc sức khỏe;0
JVC;Công ty Cổ phần Thiết bị Y tế Việt Nhật;Chăm sóc sức khỏe;0
OPC;Công ty Cổ phần Dược phẩm OPC;Chăm sóc sức khỏe;0
PME;Công ty Cổ phần Pymepharco;Chăm sóc sức khỏe;0
SPM;Công ty Cổ phần SPM;Chăm sóc sức khỏe;0
TRA;Công ty Cổ phần Traphaco;Chăm sóc sức khỏe;0
VDP;Công ty Cổ phần Dược phẩm Trung Ương Vidipha;Chăm sóc sức khỏe;0
VMD;Công ty Cổ phần Y Dược phẩm Vimedimex;Chăm sóc sức khỏe;0
CMG;Công ty Cổ phần Tập đoàn Công nghệ CMC;Công nghệ thông tin;0
DGW;Công ty Cổ phần Thế Giới Số;Công nghệ thông tin;0
ELC;Công ty Cổ phần Đầu tư Phát triển Công nghệ Điện tử - Viễn thông;Công nghệ thông tin;0
FPT;Công ty Cổ phần FPT;Công nghệ thông tin;1
AAA;Công ty Cổ phần Nhựa An Phát Xanh;Nguyên vật liệu;0
ACC;Công ty Cổ phần Đầu tư và Xây dựng Bình Dương ACC;Nguyên vật liệu;0
ATG;Công ty Cổ phần An Trường An;Nguyên vật liệu;0
BFC;Công ty Cổ phần Phân bón Bình Điền;Nguyên vật liệu;0
BMC;Công ty Cổ phần Khoáng sản Bình Định;Nguyên vật liệu;0
CRC;Công ty Cổ phần Create Capital Việt Nam;Nguyên vật liệu;0
CSV;Công ty Cổ phần Hóa chất cơ bản miền Nam;Nguyên vật liệu;0
CTI;Công ty Cổ phần Đầu tư Phát triển Cường Thuận IDICO;Nguyên vật liệu;0
CVT;Công ty Cổ phần CMC;Nguyên vật liệu;0
DCM;Công ty Cổ phần Phân bón Dầu khí Cà Mau;Nguyên vật liệu;0
DHA;Công ty Cổ phần Hóa An;Nguyên vật liệu;0
DHC;Công ty Cổ phần Đông Hải Bến Tre;Nguyên vật liệu;0
DHM;Công ty Cổ phần Thương mại & Khai thác Khoáng sản Dương Hiếu;Nguyên vật liệu;0
DPM;Tổng Công ty Phân bón và Hóa chất Dầu khí - Công ty Cổ phần;Nguyên vật liệu;0
DPR;Công ty Cổ phần Cao su Đồng Phú;Nguyên vật liệu;0
DTL;Công ty Cổ phần Đại Thiên Lộc;Nguyên vật liệu;0
DTT;Công ty Cổ phần Kỹ nghệ Đô Thành;Nguyên vật liệu;0
DXV;Công ty Cổ phần Vicem Vật liệu Xây dựng Đà Nẵng;Nguyên vật liệu;0
FCM;Công ty Cổ phần Khoáng sản FECON;Nguyên vật liệu;0
GAB;Công ty Cổ phần Đầu tư Khai khoáng & Quản lý Tài sản FLC;Nguyên vật liệu;0
GTA;Công ty Cổ phần Chế biến Gỗ Thuận An;Nguyên vật liệu;0
HAI;Công ty Cổ phần Nông dược HAI;Nguyên vật liệu;0
HAP;Công ty Cổ phần Tập đoàn HAPACO;Nguyên vật liệu;0
HII;Công ty Cổ phần An Tiến Industries;Nguyên vật liệu;0
HMC;Công ty Cổ phần Kim khí Thành phố Hồ Chí Minh - Vnsteel;Nguyên vật liệu;0
HPG;Công ty Cổ phần Tập đoàn Hòa Phát;Nguyên vật liệu;1
HRC;Công ty Cổ phần Cao su Hòa Bình;Nguyên vật liệu;0
HSG;Công ty Cổ phần Tập đoàn Hoa Sen;Nguyên vật liệu;0
HT1;Công ty Cổ phần Xi măng Hà Tiên 1;Nguyên vật liệu;0
HVX;Công ty Cổ phần Xi măng Vicem Hải Vân;Nguyên vật liệu;0
KPF;Công ty Cổ phần Đầu tư Tài chính Hoàng Minh;Nguyên vật liệu;0
KSB;Công ty Cổ phần Khoáng sản và Xây dựng Bình Dương;Nguyên vật liệu;0
LBM;Công ty Cổ phần Khoáng sản và Vật liệu Xây dựng Lâm Đồng;Nguyên vật liệu;0
LCM;Công ty Cổ phần Khai thác và Chế biến Khoáng sản Lào Cai;Nguyên vật liệu;0
MCP;Công ty Cổ phần In và Bao bì Mỹ Châu;Nguyên vật liệu;0
NAV;Công ty Cổ phần Nam Việt;Nguyên vật liệu;0
NKG;Công ty Cổ phần Thép Nam Kim;Nguyên vật liệu;0
NNC;Công ty Cổ phần Đá Núi Nhỏ;Nguyên vật liệu;0
PLP;Công ty Cổ phần Sản xuất và Công nghệ Nhựa Pha Lê;Nguyên vật liệu;0
POM;Công ty Cổ phần Thép POMINA;Nguyên vật liệu;0
PTB;Công ty Cổ phần Phú Tài;Nguyên vật liệu;0
PHR;Công ty Cổ phần Cao su Phước Hòa;Nguyên vật liệu;0
QBS;Công ty Cổ phần Xuất Nhập khẩu Quảng Bình;Nguyên vật liệu;0
RDP;Công ty Cổ phần Rạng Đông Holding;Nguyên vật liệu;0
SFG;Công ty Cổ phần Phân bón Miền Nam;Nguyên vật liệu;0
SMC;Công ty Cổ phần Đầu tư Thương mại SMC;Nguyên vật liệu;0
SVI;Công ty Cổ phần Bao bì Biên Hòa;Nguyên vật liệu;0
TLD;Công ty Cổ phần Đầu tư Xây dựng và Phát triển Đô thị Thăng Long;Nguyên vật liệu;0
TLH;Công ty Cổ phần Tập đoàn Thép Tiến Lên;Nguyên vật liệu;0
TNT;Công ty Cổ phần Tài Nguyên;Nguyên vật liệu;0
TPC;Công ty Cổ phần Nhựa Tân Đại Hưng;Nguyên vật liệu;0
TTB;Công ty Cổ phần Tập đoàn Tiến Bộ;Nguyên vật liệu;0
THG;Công ty Cổ phần Đầu tư và Xây dựng Tiền Giang;Nguyên vật liệu;0
TRC;Công ty Cổ phần Cao su Tây Ninh;Nguyên vật liệu;0
VAF;Công ty Cổ phần Phân lân Nung chảy Văn Điển;Nguyên vật liệu;0
VFG;Công ty Cổ phần Khử trùng Việt Nam;Nguyên vật liệu;0
VID;Công ty Cổ phần Đầu tư Phát triển Thương mại Viễn Đông;Nguyên vật liệu;0
VIS;Công ty Cổ phần Thép Việt - Ý;Nguyên vật liệu;0
VPS;Công ty Cổ phần Thuốc sát trùng Việt Nam;Nguyên vật liệu;0
ABS;Công ty Cổ phần Dịch vụ Nông nghiệp Bình Thuận;Khác;0
ACB;Ngân hàng Thương mại Cổ phần Á Châu;Khác;0
APH;Công ty Cổ phần Tập đoàn An Phát Holdings;Khác;0
ASG;Công ty Cổ phần Tập đoàn ASG;Khác;0
BCM;Tổng Công ty Đầu tư và Phát triển Công nghiệp - CTCP;Khác;0
CLL;Công ty Cổ phần Cảng Cát Lái;Khác;0
DC4;Công ty Cổ phần Xây dựng DIC Holdings;Khác;0
DCL;Công ty Cổ phần Dược phẩm Cửu Long;Khác;0
GVR;Tập đoàn Công nghiệp Cao su Việt Nam - Công ty Cổ phần;Khác;0
HSL;Công ty Cổ phần Đầu tư Phát triển Thực phẩm Hồng Hà;Khác;0
ICT;Công ty Cổ phần Viễn thông - Tin học Bưu điện;Khác;0
LPB;Ngân hàng Thương mại Cổ phần Bưu điện Liên Việt;Khác;0
MSB;Ngân hàng Thương mại Cổ phần Hàng Hải Việt Nam;Khác;0
NHH;Công ty Cổ phần Nhựa Hà Nội;Khác;0
PMG;Công ty Cổ phần Đầu tư và Sản xuất Petro Miền Trung;Khác;0
PSH;Công ty Cổ phần Thương mại Đầu tư Dầu khí Nam Sông Hậu;Khác;0
TDG;Công ty Cổ phần Dầu khí Thái Dương;Khác;0
TDP;Công ty Cổ phần Thuận Đức;Khác;0
TNI;Công ty Cổ phần Tập đoàn Thành Nam;Khác;0
TTA;Công ty Cổ phần Đầu tư Xây dựng và Phát triển Trường Thành;Khác;0
VCG;Tổng Công ty Cổ phần Xuất nhập khẩu và Xây dựng Việt Nam;Khác;0
VIB;Ngân hàng Thương mại Cổ phần Quốc tế Việt Nam;Khác;0
YBM;Công ty Cổ phần Khoáng sản Công nghiệp Yên Bái;Khác;0
AGG;Công ty Cổ phần Đầu tư và Phát triển Bất động sản An Gia;Bất động sản;0
ASM;Công ty Cổ phần Tập đoàn Sao Mai;Bất động sản;0
CCL;Công ty Cổ phần Đầu tư và Phát triển Đô thị Dầu khí Cửu Long;Bất động sản;0
CIG;Công ty Cổ phần COMA18;Bất động sản;0
CLC;Công ty Cổ phần Cát Lợi;Bất động sản;0
CRE;Công ty Cổ phần Bất động sản Thế Kỷ;Bất động sản;0
D2D;Công ty Cổ phần Phát triển Đô thị Công nghiệp số 2;Bất động sản;0
DRH;Công ty Cổ phần DRH Holdings;Bất động sản;0
DTA;Công ty Cổ phần Đệ Tam;Bất động sản;0
DXG;Công ty Cổ phần Tập đoàn Đất Xanh;Bất động sản;0
FDC;Công ty Cổ phần Ngoại thương và Phát triển Đầu tư Thành phố Hồ Chí Minh;Bất động sản;0
FIR;Công ty Cổ phần Địa ốc First Real;Bất động sản;0
FLC;Công ty Cổ phần Tập đoàn FLC;Bất động sản;0
HAR;Công ty Cổ phần Đầu tư Thương mại Bất động sản An Dương Thảo Điền;Bất động sản;0
HDC;Công ty Cổ phần Phát triển nhà Bà Rịa – Vũng Tàu;Bất động sản;0
HPX;Công ty Cổ phần Đầu tư Hải Phát;Bất động sản;0
HQC;Công ty Cổ phần Tư vấn – Thương mại – Dịch vụ Địa ốc Hoàng Quân;Bất động sản;0
HTN;Công ty Cổ phần Hưng Thịnh Incons;Bất động sản;0
ITC;Công ty Cổ phần Đầu tư - Kinh doanh Nhà;Bất động sản;0
KBC;Tổng Công ty Phát triển Đô Thị Kinh Bắc – Công ty Cổ phần;Bất động sản;0
KDH;Công ty Cổ phần Đầu tư và Kinh doanh Nhà Khang Điền;Bất động sản;1
KOS;Công ty Cổ phần KOSY;Bất động sản;0
LDG;Công ty Cổ phần Đầu tư LDG;Bất động sản;0
LEC;Công ty Cổ phần Bất động sản Điện lực Miền Trung;Bất động sản;0
LHG;Công ty Cổ phần Long Hậu;Bất động sản;0
NBB;Công ty Cổ phần Đầu tư Năm Bảy Bảy;Bất động sản;0
NLG;Công ty Cổ phần Đầu tư Nam Long;Bất động sản;0
NTL;Công ty Cổ phần Phát triển Đô thị Từ Liêm;Bất động sản;0
NVL;Công ty Cổ phần Tập đoàn Đầu tư Địa ốc No Va;Bất động sản;1
NVT;Công ty Cổ phần Bất động sản Du lịch Ninh Vân Bay;Bất động sản;0
PDR;Công ty Cổ phần Phát triển Bất động sản Phát Đạt;Bất động sản;0
PTL;Công ty Cổ phần Đầu tư Hạ tầng và Đô thị Dầu khí;Bất động sản;0
QCG;Công ty Cổ phần Quốc Cường Gia Lai;Bất động sản;0
SCR;Công ty Cổ phần Địa ốc Sài Gòn Thương Tín;Bất động sản;0
SGR;Công ty Cổ phần Địa ốc Sài Gòn;Bất động sản;0
SJS;Công ty Cổ phần Đầu tư Phát triển Đô thị và Khu công nghiệp Sông Đà;Bất động sản;0
SZL;Công ty Cổ phần Sonadezi Long Thành;Bất động sản;0
TDC;Công ty Cổ phần Kinh doanh và Phát triển Bình Dương;Bất động sản;0
TDH;Công ty Cổ phần Phát triển Nhà Thủ Đức;Bất động sản;0
TEG;Công ty Cổ phần Năng lượng và Bất động sản Trường Thành;Bất động sản;0
TIX;Công ty Cổ phần Sản xuất Kinh doanh XNK Dịch vụ và Đầu tư Tân Bình;Bất động sản;0
TN1;Công ty Cổ phần Thương mại Dịch vụ TNS Holdings;Bất động sản;0
VHM;Công ty Cổ phần Vinhomes;Bất động sản;1
VIC;Tập đoàn Vingroup - Công ty Cổ phần;Bất động sản;1
VPI;Công ty Cổ phần Đầu tư Văn Phú - Invest;Bất động sản;0
VPH;Công ty Cổ phần Vạn Phát Hưng;Bất động sản;0
VRE;Công ty Cổ phần Vincom Retail;Bất động sản;1
CII;Công ty Cổ phần Đầu tư Hạ tầng Kỹ thuật TP.HCM;Vận tải;0
CLG;Công ty Cổ phần Đầu tư và Phát triển Nhà đất COTEC;Vận tải;0
DVP;Công ty Cổ phần Đầu tư và Phát triển Cảng Đình Vũ;Vận tải;0
GMD;Công ty Cổ phần GEMADEPT;Vận tải;0
HAH;Công ty Cổ phần Vận tải và Xếp dỡ Hải An;Vận tải;0
HTV;Công ty Cổ phần Logistics Vicem;Vận tải;0
HVN;Tổng Công ty Hàng không Việt Nam - CTCP;Vận tải;0
LGC;Công ty Cổ phần Đầu tư Cầu Đường CII;Vận tải;0
MHC;Công ty Cổ phần MHC;Vận tải;0
NCT;Công ty Cổ phần Dịch vụ Hàng hóa Nội Bài;Vận tải;0
PDN;Công ty Cổ phần Cảng Đồng Nai;Vận tải;0
SCS;Công ty Cổ phần Dịch vụ Hàng hóa Sài Gòn;Vận tải;0
SFI;Công ty Cổ phần Đại lý Vận tải SAFI;Vận tải;0
SGN;Công ty Cổ phần Phục vụ Mặt đất Sài Gòn;Vận tải;0
SKG;Công ty Cổ phần Tàu cao tốc Superdong – Kiên Giang;Vận tải;0
STG;Công ty Cổ phần Kho vận Miền Nam;Vận tải;0
TCL;Công ty Cổ phần Đai lý Giao nhận Vận tải Xếp dỡ Tân Cảng;Vận tải;0
TCO;Công ty Cổ phần Vận tải Đa phương thức Duyên Hải;Vận tải;0
TMS;Công ty Cổ phần Transimex;Vận tải;0
VIP;Công ty Cổ phần Vận tải Xăng dầu VIPCO;Vận tải;0
VJC;Công ty Cổ phần Hàng không VietJet;Vận tải;1
VNL;Công ty Cổ phần Logistics Vinalink;Vận tải;0
VNS;Công ty Cổ phần Ánh Dương Việt Nam;Vận tải;0
VOS;Công ty Cổ phần Vận tải Biển Việt Nam;Vận tải;0
VSC;Công ty Cổ phần Container Việt Nam;Vận tải;0
VTO;Công ty Cổ phần Vận tải Xăng dầu VITACO;Vận tải;0
BTP;Công ty Cổ phần Nhiệt điện Bà Rịa;Dịch vụ tiện ích;0
BWE;Công ty Cổ phần Nước – Môi trường Bình Dương;Dịch vụ tiện ích;0
CLW;Công ty Cổ phần Cấp nước Chợ Lớn;Dịch vụ tiện ích;0
CHP;Công ty Cổ phần Thủy điện Miền Trung;Dịch vụ tiện ích;0
DRL;Công ty Cổ phần Thủy điện - Điện lực 3;Dịch vụ tiện ích;0
GAS;Tổng Công ty Khí Việt Nam - Công ty Cổ phần;Dịch vụ tiện ích;1
GEG;Công ty Cổ phần Điện Gia Lai;Dịch vụ tiện ích;0
KHP;Công ty Cổ phần Điện lực Khánh Hòa;Dịch vụ tiện ích;0
NT2;Công ty Cổ phần Điện lực Dầu khí Nhơn Trạch 2;Dịch vụ tiện ích;0
PGD;Công ty Cổ phần Phân phối Khí thấp áp Dầu khí Việt Nam;Dịch vụ tiện ích;0
POW;Tổng Công ty Điện lực Dầu khí Việt Nam - CTCP;Dịch vụ tiện ích;1
PPC;Công ty Cổ phần Nhiệt điện Phả Lại;Dịch vụ tiện ích;0
S4A;Công ty Cổ phần Thủy điện Sê San 4A;Dịch vụ tiện ích;0
SBA;Công ty Cổ phần Sông Ba;Dịch vụ tiện ích;0
SHP;Công ty Cổ phần Thủy điện Miền Nam;Dịch vụ tiện ích;0
SII;Công ty Cổ phần Hạ tầng nước Sài Gòn;Dịch vụ tiện ích;0
SJD;Công ty Cổ phần Thủy điện Cần Đơn;Dịch vụ tiện ích;0
TBC;Công ty Cổ phần Thủy điện Thác Bà;Dịch vụ tiện ích;0
TDM;Công ty Cổ phần Nước Thủ Dầu Một;Dịch vụ tiện ích;0
TDW;Công ty Cổ phần Cấp nước Thủ Đức;Dịch vụ tiện ích;0
TMP;Công ty Cổ phần Thủy điện Thác Mơ;Dịch vụ tiện ích;0
TTE;Công ty Cổ phần Đầu tư Năng lượng Trường Thịnh;Dịch vụ tiện ích;0
UIC;Công ty Cổ phần Đầu tư Phát triển Nhà và Đô thị IDICO;Dịch vụ tiện ích;0
VPD;Công ty Cổ phần Phát triển Điện lực Việt Nam;Dịch vụ tiện ích;0
VSH;Công ty Cổ phần Thủy điện Vĩnh Sơn Sông Hinh;Dịch vụ tiện ích;0
